<?xml version="1.0" encoding="UTF-8"?>

<AllergyIntolerance xmlns="http://hl7.org/fhir">
  <id value="MyPeanutAllergy"/>
  <meta>
    <profile value="http://somewhere.org/fhir/myig/StructureDefinition/FoodAllergy"/>
  </meta>
  <text>
    <status value="generated"/><div xmlns="http://www.w3.org/1999/xhtml"><p><b>Generated Narrative</b></p><p><b>clinicalStatus</b>: <span title="Codes: ">active</span></p><p><b>verificationStatus</b>: <span title="Codes: ">presumed</span></p><p><b>code</b>: <span title="Codes: {http://snomed.info/sct 91935009}">Allergy to peanut</span></p><p><b>patient</b>: <span>Paul Peters</span></p><p><b>recordedDate</b>: 2021-07-28</p><p><b>recorder</b>: <span>Daniel Davis</span></p><p><b>asserter</b>: <span>Paul Peters</span></p></div>
  </text>
  <clinicalStatus>
    <coding>
      <code value="active"/>
    </coding>
  </clinicalStatus>
  <verificationStatus>
    <coding>
      <code value="presumed"/>
    </coding>
  </verificationStatus>
  <code>
    <coding>
      <system value="http://snomed.info/sct"/>
      <code value="91935009"/>
      <display value="Allergy to peanut"/>
    </coding>
  </code>
  <patient>
    <identifier>
      <value value="8936584955"/>
    </identifier>
    <display value="Paul Peters"/>
  </patient>
  <recordedDate value="2021-07-28"/>
  <recorder>
    <identifier>
      <value value="8936584955"/>
    </identifier>
    <display value="Daniel Davis"/>
  </recorder>
  <asserter>
    <identifier>
      <value value="8936584955"/>
    </identifier>
    <display value="Paul Peters"/>
  </asserter>
</AllergyIntolerance>