{
  "resourceType": "AllergyIntolerance",
  "id": "MyPeanutAllergy",
  "meta": {
    "profile": [
      "http://somewhere.org/fhir/myig/StructureDefinition/FoodAllergy"
    ]
  },
  "text": {
    "status": "generated",
    "div": "<div xmlns=\"http://www.w3.org/1999/xhtml\"><p><b>Generated Narrative</b></p><p><b>clinicalStatus</b>: <span title=\"Codes: \">active</span></p><p><b>verificationStatus</b>: <span title=\"Codes: \">presumed</span></p><p><b>code</b>: <span title=\"Codes: {http://snomed.info/sct 91935009}\">Allergy to peanut</span></p><p><b>patient</b>: <span>Paul Peters</span></p><p><b>recordedDate</b>: 2021-07-28</p><p><b>recorder</b>: <span>Daniel Davis</span></p><p><b>asserter</b>: <span>Paul Peters</span></p></div>"
  },
  "clinicalStatus": {
    "coding": [
      {
        "code": "active"
      }
    ]
  },
  "verificationStatus": {
    "coding": [
      {
        "code": "presumed"
      }
    ]
  },
  "code": {
    "coding": [
      {
        "system": "http://snomed.info/sct",
        "code": "91935009",
        "display": "Allergy to peanut"
      }
    ]
  },
  "patient": {
    "identifier": {
      "value": "8936584955"
    },
    "display": "Paul Peters"
  },
  "recordedDate": "2021-07-28",
  "recorder": {
    "identifier": {
      "value": "8936584955"
    },
    "display": "Daniel Davis"
  },
  "asserter": {
    "identifier": {
      "value": "8936584955"
    },
    "display": "Paul Peters"
  }
}