<?xml version="1.0" encoding="UTF-8"?>

<Bundle xmlns="http://hl7.org/fhir">
  <id value="5e01a696-05a3-4525-9d17-d51290a48c11"/>
  <meta>
    <lastUpdated value="2021-07-26T22:11:38.563+00:00"/>
  </meta>
  <type value="collection"/>
  <entry>
    <fullUrl value="http://somewhere.org/fhir/myig/ValueSet/FoodAllergyVS"/>
    <resource>
      <ValueSet>
        <id value="FoodAllergyVS"/>
        <text>
          <status value="generated"/>
          <div xmlns="http://www.w3.org/1999/xhtml">
            <p>This value set contains 10 concepts</p>
            <p style="border: black 1px dotted; background-color: #EEEEEE; padding: 8px; margin-bottom: 8px">Expansion based on SNOMED CT International edition 31-Jan 2021</p>
            <p>All codes from system 
              <a href="http://terminology.hl7.org/2.1.0/CodeSystem-v3-snomed-CT.html">
                <code>http://snomed.info/sct</code>
              </a>
            </p>
            <table class="codes">
              <tr>
                <td style="white-space:nowrap">
                  <b>Code</b>
                </td>
                <td>
                  <b>Display</b>
                </td>
                <td>
                  <b>Definition</b>
                </td>
              </tr>
              <tr>
                <td style="white-space:nowrap">
                  <a name="http---snomed.info-sct-91935009"> </a>
                  <a href="http://browser.ihtsdotools.org/?perspective=full&amp;conceptId1=91935009">91935009</a>
                </td>
                <td>Allergy to peanuts</td>
                <td/>
              </tr>
              <tr>
                <td style="white-space:nowrap">
                  <a name="http---snomed.info-sct-782555009"> </a>
                  <a href="http://browser.ihtsdotools.org/?perspective=full&amp;conceptId1=782555009">782555009</a>
                </td>
                <td>Allergy to cow&#39;s milk protein</td>
                <td/>
              </tr>
              <tr>
                <td style="white-space:nowrap">
                  <a name="http---snomed.info-sct-213020009"> </a>
                  <a href="http://browser.ihtsdotools.org/?perspective=full&amp;conceptId1=213020009">213020009</a>
                </td>
                <td>Egg protein allergy</td>
                <td/>
              </tr>
              <tr>
                <td style="white-space:nowrap">
                  <a name="http---snomed.info-sct-417532002"> </a>
                  <a href="http://browser.ihtsdotools.org/?perspective=full&amp;conceptId1=417532002">417532002</a>
                </td>
                <td>Allergy to fish</td>
                <td/>
              </tr>
              <tr>
                <td style="white-space:nowrap">
                  <a name="http---snomed.info-sct-300913006"> </a>
                  <a href="http://browser.ihtsdotools.org/?perspective=full&amp;conceptId1=300913006">300913006</a>
                </td>
                <td>Shellfish allergy</td>
                <td/>
              </tr>
              <tr>
                <td style="white-space:nowrap">
                  <a name="http---snomed.info-sct-782594005"> </a>
                  <a href="http://browser.ihtsdotools.org/?perspective=full&amp;conceptId1=782594005">782594005</a>
                </td>
                <td>Allergy to soy protein (finding)</td>
                <td/>
              </tr>
              <tr>
                <td style="white-space:nowrap">
                  <a name="http---snomed.info-sct-260167008"> </a>
                  <a href="http://browser.ihtsdotools.org/?perspective=full&amp;conceptId1=260167008">260167008</a>
                </td>
                <td>Sesame seed</td>
                <td/>
              </tr>
              <tr>
                <td style="white-space:nowrap">
                  <a name="http---snomed.info-sct-21191000122102"> </a>
                  <a href="http://browser.ihtsdotools.org/?perspective=full&amp;conceptId1=21191000122102">21191000122102</a>
                </td>
                <td>Allergy to mustard</td>
                <td/>
              </tr>
              <tr>
                <td style="white-space:nowrap">
                  <a name="http---snomed.info-sct-712843002"> </a>
                  <a href="http://browser.ihtsdotools.org/?perspective=full&amp;conceptId1=712843002">712843002</a>
                </td>
                <td>Allergy to celery</td>
                <td/>
              </tr>
              <tr>
                <td style="white-space:nowrap">
                  <a name="http---snomed.info-sct-782575000"> </a>
                  <a href="http://browser.ihtsdotools.org/?perspective=full&amp;conceptId1=782575000">782575000</a>
                </td>
                <td>Allergy to lupine seed (finding)</td>
                <td/>
              </tr>
            </table>
          </div>
        </text>
        <url value="http://somewhere.org/fhir/myig/ValueSet/FoodAllergyVS"/>
        <version value="0.1.0-test"/>
        <name value="FoodAllergyVS"/>
        <title value="Food Allergies"/>
        <status value="active"/>
        <date value="2021-07-26T22:11:38+00:00"/>
        <publisher value="Quality of Life Workgroup"/>
        <contact>
          <telecom>
            <system value="url"/>
            <value value="http://example.org/committees/qualityoflife"/>
          </telecom>
        </contact>
        <description value="Main Food allergies."/>
        <jurisdiction>
          <coding>
            <system value="http://unstats.un.org/unsd/methods/m49/m49.htm"/>
            <code value="001"/>
          </coding>
        </jurisdiction>
        <expansion>
          <identifier value="urn:uuid:ad8a6089-47ce-4d35-b8d1-21056abd3a5f"/>
          <timestamp value="2021-07-26T22:11:45+00:00"/>
          <total value="10"/>
          <parameter>
            <name value="excludeNested"/>
            <valueBoolean value="false"/>
          </parameter>
          <parameter>
            <name value="limitedExpansion"/>
            <valueBoolean value="true"/>
          </parameter>
          <parameter>
            <name value="version"/>
            <valueString value="http://snomed.info/sct|http://snomed.info/sct/900000000000207008/version/20210131"/>
          </parameter>
          <contains>
            <system value="http://snomed.info/sct"/>
            <code value="91935009"/>
            <display value="Allergy to peanuts"/>
          </contains>
          <contains>
            <system value="http://snomed.info/sct"/>
            <code value="782555009"/>
            <display value="Allergy to cow&#39;s milk protein"/>
          </contains>
          <contains>
            <system value="http://snomed.info/sct"/>
            <code value="213020009"/>
            <display value="Egg protein allergy"/>
          </contains>
          <contains>
            <system value="http://snomed.info/sct"/>
            <code value="417532002"/>
            <display value="Allergy to fish"/>
          </contains>
          <contains>
            <system value="http://snomed.info/sct"/>
            <code value="300913006"/>
            <display value="Shellfish allergy"/>
          </contains>
          <contains>
            <system value="http://snomed.info/sct"/>
            <code value="782594005"/>
            <display value="Allergy to soy protein (finding)"/>
          </contains>
          <contains>
            <system value="http://snomed.info/sct"/>
            <code value="260167008"/>
            <display value="Sesame seed"/>
          </contains>
          <contains>
            <system value="http://snomed.info/sct"/>
            <code value="21191000122102"/>
            <display value="Allergy to mustard"/>
          </contains>
          <contains>
            <system value="http://snomed.info/sct"/>
            <code value="712843002"/>
            <display value="Allergy to celery"/>
          </contains>
          <contains>
            <system value="http://snomed.info/sct"/>
            <code value="782575000"/>
            <display value="Allergy to lupine seed (finding)"/>
          </contains>
        </expansion>
      </ValueSet>
    </resource>
  </entry>
</Bundle>